response_id,duration_ms,memory_utilization_percentage,total_memory,cpu_total_time_ms,total_network_bytes,billed_mb_ms,invoke_cost_gb_per_second,cold_start,@ptr,init_duration_ms
fd0f9aff-b8b7-4563-bfd4-5aedae5a91c5,10811,19,1024,3750,138869,11071488,11.0715,0,CmAKJQohNzk3NzcwNjE4NjQ0Oi9hd3MvbGFtYmRhLWluc2lnaHRzEAUSNRoYAgYrFDQ9AAAAAucmCUcABkMtP5AAAAHSIAEolq2wtPYwMJatsLT2MDgBQM8ISM0iUMEOGAAQABgB,
b07028a1-f90c-4f60-a7ef-cc29eb6585ac,11157,19,1024,4330,139399,11425792,11.4258,0,CmAKJQohNzk3NzcwNjE4NjQ0Oi9hd3MvbGFtYmRhLWluc2lnaHRzEAcSNRoYAgZASn6JAAAAAJ/XkRkABkMtP1AAAACSIAEolq2wtPYwMJatsLT2MDgBQNEISMgiULwOGAAQABgB,
4d9ec059-f28b-4d5d-914b-f8f432677142,10832,19,1024,3870,128939,11092992,11.093,0,CmAKJQohNzk3NzcwNjE4NjQ0Oi9hd3MvbGFtYmRhLWluc2lnaHRzEAQSNRoYAgY+3PaWAAAAAFKQ04sABkMtOKAAAANiIAEo0aqrtPYwMJatsLT2MDgLQMFeSOI6UNMmGAAQChgB,
9673b790-172c-4011-846a-679f8e1f8ac0,4558,19,1024,1530,65652,4668416,4.6684,0,CmAKJQohNzk3NzcwNjE4NjQ0Oi9hd3MvbGFtYmRhLWluc2lnaHRzEAISNRoYAgY90g6xAAAAAptty68ABkMtO3AAAAcSIAEo5NSttPYwMPDPr7T2MDgDQOMZSPgpUOsVGAAQAhgB,
6866362d-c3e5-4a15-9d7b-2da88ef84cd1,2269,19,1024,1100,204168,2324480,2.3245,0,CmAKJQohNzk3NzcwNjE4NjQ0Oi9hd3MvbGFtYmRhLWluc2lnaHRzEAESNRoYAgXzn9uEAAAABDiB+4AABkMtPnAAAAJCIAEouaSvtPYwMKTJr7T2MDgCQJwRSO0mUOASGAAQARgB,
cc70b376-6673-4c4e-9b34-77d7614f5d50,2241,19,1024,1100,201372,2295808,2.2958,0,CmAKJQohNzk3NzcwNjE4NjQ0Oi9hd3MvbGFtYmRhLWluc2lnaHRzEAASNRoYAgZCxV47AAAAABuNj5wABkMtPMAAAAKyIAEou5CutPYwMIG+r7T2MDgGQL8zSOcwUNgcGAAQBRgB,
9edad2a2-9e18-4de2-8219-705019f3ad8d,4739,18,1024,1640,65450,4853760,4.8538,0,CmAKJQohNzk3NzcwNjE4NjQ0Oi9hd3MvbGFtYmRhLWluc2lnaHRzEAQSNRoYAgY+3PaWAAAAAFKQ04sABkMtOKAAAANiIAEo0aqrtPYwMJatsLT2MDgLQMFeSOI6UNMmGAAQCBgB,
e0d6a95c-0cf6-4373-a2da-fad753fa63ef,4599,19,1024,1520,65322,4710400,4.7104,0,CmEKJQohNzk3NzcwNjE4NjQ0Oi9hd3MvbGFtYmRhLWluc2lnaHRzEAcSNhoYAgZASn6JAAAAAJ/V6zYABkMtN1AAAACSIAEo1YGptPYwMPe6r7T2MDgTQJ+jAUjaSVDKNRgAEBIYAQ==,
873062d2-c3e2-4d8b-b11e-fa4873a470c5,4799,19,1024,1840,65796,4915200,4.9152,0,CmAKJQohNzk3NzcwNjE4NjQ0Oi9hd3MvbGFtYmRhLWluc2lnaHRzEAASNRoYAgZCxV47AAAAABuNj5wABkMtPMAAAAKyIAEou5CutPYwMIG+r7T2MDgGQL8zSOcwUNgcGAAQBBgB,
5dd3009a-652d-4e8e-83b6-8791b4d01f6f,2317,19,1024,1110,200756,2373632,2.3736,0,CmAKJQohNzk3NzcwNjE4NjQ0Oi9hd3MvbGFtYmRhLWluc2lnaHRzEAMSNRoYAgY0Q+tJAAAABDpwvUQABkMtPjAAAAKSIAEozrKvtPYwMJa4r7T2MDgCQJoRSLEmUKQSGAAQARgB,
dcbf57a0-7fbf-4acf-a426-03892fe66e67,2271,19,1024,1140,201040,2326528,2.3265,0,CmAKJQohNzk3NzcwNjE4NjQ0Oi9hd3MvbGFtYmRhLWluc2lnaHRzEAYSNRoYAgYiag15AAAAAjOm6SIABkMtOlAAAAWSIAEotaOttPYwMKu1r7T2MDgHQIQ8SI8zUIAfGAAQBhgB,
c66d4b2d-506b-4281-b680-4c57ce40099b,2245,19,1024,1060,192387,2299904,2.2999,0,CmAKJQohNzk3NzcwNjE4NjQ0Oi9hd3MvbGFtYmRhLWluc2lnaHRzEAASNRoYAgZCxV47AAAAABuNj5wABkMtPMAAAAKyIAEou5CutPYwMIG+r7T2MDgGQL8zSOcwUNgcGAAQAxgB,
46855edf-e3cb-49c9-a450-d9625bfa536d,5382,19,1024,2180,65754,5512192,5.5122,0,CmAKJQohNzk3NzcwNjE4NjQ0Oi9hd3MvbGFtYmRhLWluc2lnaHRzEAASNRoYAgZCxV47AAAAABuNj5wABkMtPMAAAAKyIAEou5CutPYwMIG+r7T2MDgGQL8zSOcwUNgcGAAQAhgB,
7bba997e-82fc-4d89-ad41-2e3d4ef5b03e,10651,15,1024,3840,139438,10907648,10.9076,0,CmAKJQohNzk3NzcwNjE4NjQ0Oi9hd3MvbGFtYmRhLWluc2lnaHRzEAMSNRoYAgY0Q+tJAAAABDpwvUQABkMtPjAAAAKSIAEozrKvtPYwMJa4r7T2MDgCQJoRSLEmUKQSGAAQABgB,
07cf0273-4509-4ad8-96ed-3acdbf89e4ca,5024,19,1024,2100,54350,5145600,5.1456,0,CmAKJQohNzk3NzcwNjE4NjQ0Oi9hd3MvbGFtYmRhLWluc2lnaHRzEAASNRoYAgZCxV47AAAAABuNj5wABkMtPMAAAAKyIAEou5CutPYwMIG+r7T2MDgGQL8zSOcwUNgcGAAQARgB,
c0526e5e-4cec-451e-951d-be59a69f15f3,10840,19,1024,3940,139758,11101184,11.1012,0,CmAKJQohNzk3NzcwNjE4NjQ0Oi9hd3MvbGFtYmRhLWluc2lnaHRzEAQSNRoYAgY+3PaWAAAAAFKQ04sABkMtOKAAAANiIAEo0aqrtPYwMJatsLT2MDgLQMFeSOI6UNMmGAAQBxgB,
d082c1c8-61c3-4c68-ad17-e43e79f1508e,4570,19,1024,1600,54399,4680704,4.6807,0,CmEKJQohNzk3NzcwNjE4NjQ0Oi9hd3MvbGFtYmRhLWluc2lnaHRzEAcSNhoYAgZASn6JAAAAAJ/V6zYABkMtN1AAAACSIAEo1YGptPYwMPe6r7T2MDgTQJ+jAUjaSVDKNRgAEBEYAQ==,
3c6a11fa-a991-42b3-b921-c2fd1ecb86ce,10761,19,1024,3770,139360,11020288,11.0203,0,CmEKJQohNzk3NzcwNjE4NjQ0Oi9hd3MvbGFtYmRhLWluc2lnaHRzEAcSNhoYAgZASn6JAAAAAJ/V6zYABkMtN1AAAACSIAEo1YGptPYwMPe6r7T2MDgTQJ+jAUjaSVDKNRgAEBAYAQ==,
1aff27a3-d7a5-419e-9630-44bf6144560a,11050,19,1024,3910,139292,11316224,11.3162,0,CmAKJQohNzk3NzcwNjE4NjQ0Oi9hd3MvbGFtYmRhLWluc2lnaHRzEAISNRoYAgY90g6xAAAAAptty68ABkMtO3AAAAcSIAEo5NSttPYwMPDPr7T2MDgDQOMZSPgpUOsVGAAQARgB,
121ac5e1-1577-4908-a3b5-58be7c882f4f,11188,19,1024,4140,139165,11457536,11.4575,0,CmAKJQohNzk3NzcwNjE4NjQ0Oi9hd3MvbGFtYmRhLWluc2lnaHRzEAQSNRoYAgY+3PaWAAAAAFKQ04sABkMtOKAAAANiIAEo0aqrtPYwMJatsLT2MDgLQMFeSOI6UNMmGAAQBhgB,
bd499907-fbef-4bf8-815a-86083a1ec0bd,11209,19,1024,4220,127717,11479040,11.479,0,CmEKJQohNzk3NzcwNjE4NjQ0Oi9hd3MvbGFtYmRhLWluc2lnaHRzEAcSNhoYAgZASn6JAAAAAJ/V6zYABkMtN1AAAACSIAEo1YGptPYwMPe6r7T2MDgTQJ+jAUjaSVDKNRgAEA8YAQ==,
10f55cb3-17a4-4984-ad20-9b87490772c4,13899,19,1024,4960,139122,14233600,14.2336,0,CmAKJQohNzk3NzcwNjE4NjQ0Oi9hd3MvbGFtYmRhLWluc2lnaHRzEAQSNRoYAgY+3PaWAAAAAFKQ04sABkMtOKAAAANiIAEo0aqrtPYwMJatsLT2MDgLQMFeSOI6UNMmGAAQBRgB,
68216e96-900a-4f74-9afe-c44761123a5e,11092,19,1024,4140,128138,11359232,11.3592,0,CmAKJQohNzk3NzcwNjE4NjQ0Oi9hd3MvbGFtYmRhLWluc2lnaHRzEAUSNRoYAgYrFDQ9AAAAAucleygABkMtO6AAAAHSIAEo452ttPYwMP2kr7T2MDgEQLciSJ4rUJAXGAAQAxgB,
1bf7efa7-61b6-4e75-9de0-5a3a746ce409,10736,19,1024,3710,139306,10994688,10.9947,0,CmAKJQohNzk3NzcwNjE4NjQ0Oi9hd3MvbGFtYmRhLWluc2lnaHRzEAESNRoYAgXzn9uEAAAABDiB+4AABkMtPnAAAAJCIAEouaSvtPYwMKTJr7T2MDgCQJwRSO0mUOASGAAQABgB,
14ca440e-1721-4a06-a974-00f1043151c3,10792,19,1024,3700,136212,11052032,11.052,0,CmAKJQohNzk3NzcwNjE4NjQ0Oi9hd3MvbGFtYmRhLWluc2lnaHRzEAASNRoYAgZCxV47AAAAABuNj5wABkMtPMAAAAKyIAEou5CutPYwMIG+r7T2MDgGQL8zSOcwUNgcGAAQABgB,
6e9dfebb-36cd-4788-9375-6c57c5459736,4575,19,1024,1590,62744,4685824,4.6858,0,CmAKJQohNzk3NzcwNjE4NjQ0Oi9hd3MvbGFtYmRhLWluc2lnaHRzEAYSNRoYAgYiag15AAAAAjOm6SIABkMtOlAAAAWSIAEotaOttPYwMKu1r7T2MDgHQIQ8SI8zUIAfGAAQBRgB,
ac09223d-f448-4890-8728-2d3c42a55c1f,2396,19,1024,1230,201471,2454528,2.4545,0,CmAKJQohNzk3NzcwNjE4NjQ0Oi9hd3MvbGFtYmRhLWluc2lnaHRzEAISNRoYAgY90g6xAAAAAptty68ABkMtO3AAAAcSIAEo5NSttPYwMPDPr7T2MDgDQOMZSPgpUOsVGAAQABgB,
7c3cc2d2-c96e-4895-b400-fcf555532071,2377,19,1024,1160,200715,2435072,2.4351,0,CmAKJQohNzk3NzcwNjE4NjQ0Oi9hd3MvbGFtYmRhLWluc2lnaHRzEAESNRoYAgXzn9uEAAAABDiByF0ABkMtOUAAAAJCIAEo1JyrtPYwMMDRrbT2MDgGQIA0SPIzUKQeGAAQBRgB,
fb490096-83d5-48b4-ac40-bb538bc2f5b9,4793,19,1024,1760,65514,4909056,4.9091,0,CmEKJQohNzk3NzcwNjE4NjQ0Oi9hd3MvbGFtYmRhLWluc2lnaHRzEAcSNhoYAgZASn6JAAAAAJ/V6zYABkMtN1AAAACSIAEo1YGptPYwMPe6r7T2MDgTQJ+jAUjaSVDKNRgAEA4YAQ==,
29632cb9-4616-4820-8c44-04c5ed6b1fad,2268,19,1024,1110,204430,2323456,2.3235,0,CmAKJQohNzk3NzcwNjE4NjQ0Oi9hd3MvbGFtYmRhLWluc2lnaHRzEAESNRoYAgXzn9uEAAAABDiByF0ABkMtOUAAAAJCIAEo1JyrtPYwMMDRrbT2MDgGQIA0SPIzUKQeGAAQBBgB,
b77acf4c-7335-461e-9f48-817f944016f8,2206,19,1024,1050,201007,2259968,2.26,0,CmAKJQohNzk3NzcwNjE4NjQ0Oi9hd3MvbGFtYmRhLWluc2lnaHRzEAUSNRoYAgYrFDQ9AAAAAucleygABkMtO6AAAAHSIAEo452ttPYwMP2kr7T2MDgEQLciSJ4rUJAXGAAQAhgB,
150dc6a3-437d-4d56-88ef-a4e73f0163b3,5960,19,1024,2200,65366,6104064,6.1041,0,CmEKJQohNzk3NzcwNjE4NjQ0Oi9hd3MvbGFtYmRhLWluc2lnaHRzEAcSNhoYAgZASn6JAAAAAJ/V6zYABkMtN1AAAACSIAEo1YGptPYwMPe6r7T2MDgTQJ+jAUjaSVDKNRgAEAsYAQ==,
17130b14-c869-434b-91b7-81e83387ab5e,2211,19,1024,1090,192441,2265088,2.2651,0,CmAKJQohNzk3NzcwNjE4NjQ0Oi9hd3MvbGFtYmRhLWluc2lnaHRzEAYSNRoYAgYiag15AAAAAjOm6SIABkMtOlAAAAWSIAEotaOttPYwMKu1r7T2MDgHQIQ8SI8zUIAfGAAQAhgB,
e3f09237-834c-4a6f-8818-2ee086ea4777,2295,19,1024,1150,200146,2351104,2.3511,0,CmAKJQohNzk3NzcwNjE4NjQ0Oi9hd3MvbGFtYmRhLWluc2lnaHRzEAQSNRoYAgY+3PaWAAAAAFKQ04sABkMtOKAAAANiIAEo0aqrtPYwMJatsLT2MDgLQMFeSOI6UNMmGAAQAxgB,
8b642467-01fc-4718-8eec-2faf53e0bb9a,4655,19,1024,1720,53850,4767744,4.7677,0,CmEKJQohNzk3NzcwNjE4NjQ0Oi9hd3MvbGFtYmRhLWluc2lnaHRzEAcSNhoYAgZASn6JAAAAAJ/V6zYABkMtN1AAAACSIAEo1YGptPYwMPe6r7T2MDgTQJ+jAUjaSVDKNRgAEAoYAQ==,
828efb10-6a9f-4d68-8fc5-c171f7529245,4767,19,1024,1690,54802,4882432,4.8824,0,CmEKJQohNzk3NzcwNjE4NjQ0Oi9hd3MvbGFtYmRhLWluc2lnaHRzEAcSNhoYAgZASn6JAAAAAJ/V6zYABkMtN1AAAACSIAEo1YGptPYwMPe6r7T2MDgTQJ+jAUjaSVDKNRgAEAkYAQ==,
a5e91a0c-7eb0-4be8-a74b-127521bd0a50,4811,19,1024,1940,54302,4927488,4.9275,0,CmAKJQohNzk3NzcwNjE4NjQ0Oi9hd3MvbGFtYmRhLWluc2lnaHRzEAYSNRoYAgYiag15AAAAAjOm6SIABkMtOlAAAAWSIAEotaOttPYwMKu1r7T2MDgHQIQ8SI8zUIAfGAAQARgB,
3ca68e9b-8d8d-4016-b398-773d750111e2,10963,19,1024,3550,127658,11227136,11.2271,0,CmAKJQohNzk3NzcwNjE4NjQ0Oi9hd3MvbGFtYmRhLWluc2lnaHRzEAYSNRoYAgYiag15AAAAAjOm6SIABkMtOlAAAAWSIAEotaOttPYwMKu1r7T2MDgHQIQ8SI8zUIAfGAAQABgB,
4027ab69-df91-4365-8a3f-451984f36a94,11200,18,1024,3840,150772,11469824,11.4698,0,CmAKJQohNzk3NzcwNjE4NjQ0Oi9hd3MvbGFtYmRhLWluc2lnaHRzEAMSNRoYAgY0Q+tJAAAABDpvAIIABkMtN0AAAAKSIAEo9JWptPYwMKu0rbT2MDgKQL5WSLk9UOsnGAAQCBgB,
bc8d5d2d-f78a-4521-9b89-6bcdce58bd66,10964,19,1024,4230,126986,11228160,11.2282,0,CmAKJQohNzk3NzcwNjE4NjQ0Oi9hd3MvbGFtYmRhLWluc2lnaHRzEAUSNRoYAgYrFDQ9AAAAAucleygABkMtO6AAAAHSIAEo452ttPYwMP2kr7T2MDgEQLciSJ4rUJAXGAAQARgB,
7a330c90-f9e2-419f-b722-130fe428e7f3,4710,19,1024,1660,65187,4824064,4.8241,0,CmAKJQohNzk3NzcwNjE4NjQ0Oi9hd3MvbGFtYmRhLWluc2lnaHRzEAMSNRoYAgY0Q+tJAAAABDpvAIIABkMtN0AAAAKSIAEo9JWptPYwMKu0rbT2MDgKQL5WSLk9UOsnGAAQBxgB,
7fb8e9a6-f041-496d-b6f4-52b278d7c5c8,10668,15,1024,3810,139233,10925056,10.9251,0,CmAKJQohNzk3NzcwNjE4NjQ0Oi9hd3MvbGFtYmRhLWluc2lnaHRzEAUSNRoYAgYrFDQ9AAAAAucleygABkMtO6AAAAHSIAEo452ttPYwMP2kr7T2MDgEQLciSJ4rUJAXGAAQABgB,
6549f59e-27c3-48ff-8408-cf051cb9b52d,10800,19,1024,3730,140512,11060224,11.0602,0,CmAKJQohNzk3NzcwNjE4NjQ0Oi9hd3MvbGFtYmRhLWluc2lnaHRzEAESNRoYAgXzn9uEAAAABDiByF0ABkMtOUAAAAJCIAEo1JyrtPYwMMDRrbT2MDgGQIA0SPIzUKQeGAAQAxgB,
8169b4ba-0bad-440c-918d-fc0ce372fe8a,10994,19,1024,3980,138712,11258880,11.2589,0,CmEKJQohNzk3NzcwNjE4NjQ0Oi9hd3MvbGFtYmRhLWluc2lnaHRzEAcSNhoYAgZASn6JAAAAAJ/V6zYABkMtN1AAAACSIAEo1YGptPYwMPe6r7T2MDgTQJ+jAUjaSVDKNRgAEAgYAQ==,
fb37327a-8919-4ccc-943a-d75c4c4a3df6,10867,15,1024,3820,139190,11128832,11.1288,0,CmEKJQohNzk3NzcwNjE4NjQ0Oi9hd3MvbGFtYmRhLWluc2lnaHRzEAcSNhoYAgZASn6JAAAAAJ/V6zYABkMtN1AAAACSIAEo1YGptPYwMPe6r7T2MDgTQJ+jAUjaSVDKNRgAEAcYAQ==,
905f11bb-607f-4183-8ef1-fa18ee48ae82,4852,19,1024,1780,64921,4969472,4.9695,0,CmEKJQohNzk3NzcwNjE4NjQ0Oi9hd3MvbGFtYmRhLWluc2lnaHRzEAcSNhoYAgZASn6JAAAAAJ/V6zYABkMtN1AAAACSIAEo1YGptPYwMPe6r7T2MDgTQJ+jAUjaSVDKNRgAEAYYAQ==,
66a3049f-a41d-42dd-b9ca-5c2ecef70322,2368,19,1024,1120,215035,2425856,2.4259,0,CmAKJQohNzk3NzcwNjE4NjQ0Oi9hd3MvbGFtYmRhLWluc2lnaHRzEAISNRoYAgY90g6xAAAAAptqKaQABkMtMuAAAAcSIAEogreltPYwMMfNq7T2MDgLQIJfSPU9UKcoGAAQChgB,
05565675-8751-4c7b-8983-617285aee319,2373,19,1024,1080,216139,2430976,2.431,0,CmEKJQohNzk3NzcwNjE4NjQ0Oi9hd3MvbGFtYmRhLWluc2lnaHRzEAcSNhoYAgZASn6JAAAAAJ/V6zYABkMtN1AAAACSIAEo1YGptPYwMPe6r7T2MDgTQJ+jAUjaSVDKNRgAEAUYAQ==,
199d9971-44ff-4a09-a05b-b3acd3aeeaa2,4655,19,1024,1600,65132,4767744,4.7677,0,CmAKJQohNzk3NzcwNjE4NjQ0Oi9hd3MvbGFtYmRhLWluc2lnaHRzEAQSNRoYAgY+3PaWAAAAAFKQ04sABkMtOKAAAANiIAEo0aqrtPYwMJatsLT2MDgLQMFeSOI6UNMmGAAQAhgB,
b5b71df4-7c64-47ee-b5b9-b9cfece8697c,4635,19,1024,1600,65278,4747264,4.7473,0,CmAKJQohNzk3NzcwNjE4NjQ0Oi9hd3MvbGFtYmRhLWluc2lnaHRzEAUSNRoYAgYrFDQ9AAAAAuck6ZQABkMtN6AAAAHSIAEo/LKqtPYwMN7Fq7T2MDgDQOwZSIwoUP8TGAAQAhgB,
41f0c2da-1c3e-4fb6-890f-8e9d8cacd5aa,2215,19,1024,1040,203978,2269184,2.2692,0,CmAKJQohNzk3NzcwNjE4NjQ0Oi9hd3MvbGFtYmRhLWluc2lnaHRzEAASNRoYAgZCxV47AAAAABuMU50ABkMtN/AAAAKyIAEo3vWotPYwMN6xrbT2MDgLQLheSIk7UPomGAAQCRgB,
89061e58-15e6-4405-a3c4-7e357e6ba9a5,2173,19,1024,920,203461,2226176,2.2262,0,CmAKJQohNzk3NzcwNjE4NjQ0Oi9hd3MvbGFtYmRhLWluc2lnaHRzEAESNRoYAgXzn9uEAAAABDiByF0ABkMtOUAAAAJCIAEo1JyrtPYwMMDRrbT2MDgGQIA0SPIzUKQeGAAQAhgB,
3f2eb5c5-7477-4e68-baac-75927c002613,2156,19,1024,1050,192923,2208768,2.2088,0,CmAKJQohNzk3NzcwNjE4NjQ0Oi9hd3MvbGFtYmRhLWluc2lnaHRzEAISNRoYAgY90g6xAAAAAptqKaQABkMtMuAAAAcSIAEogreltPYwMMfNq7T2MDgLQIJfSPU9UKcoGAAQCBgB,
14ae943c-b820-4e10-ab77-2a638325a14f,2249,19,1024,1100,194519,2304000,2.304,0,CmAKJQohNzk3NzcwNjE4NjQ0Oi9hd3MvbGFtYmRhLWluc2lnaHRzEAQSNRoYAgY+3PaWAAAAAFKQ04sABkMtOKAAAANiIAEo0aqrtPYwMJatsLT2MDgLQMFeSOI6UNMmGAAQABgB,
536d40b6-c734-41fe-be84-e2a8f82eb4da,11168,19,1024,4170,127582,11437056,11.4371,0,CmAKJQohNzk3NzcwNjE4NjQ0Oi9hd3MvbGFtYmRhLWluc2lnaHRzEAASNRoYAgZCxV47AAAAABuMU50ABkMtN/AAAAKyIAEo3vWotPYwMN6xrbT2MDgLQLheSIk7UPomGAAQBxgB,
241a9101-7ff4-4b9b-a276-9c5da43c83d3,2214,19,1024,1030,203997,2268160,2.2682,0,CmAKJQohNzk3NzcwNjE4NjQ0Oi9hd3MvbGFtYmRhLWluc2lnaHRzEAISNRoYAgY90g6xAAAAAptqKaQABkMtMuAAAAcSIAEogreltPYwMMfNq7T2MDgLQIJfSPU9UKcoGAAQBxgB,
eb69ad41-3eff-4347-b56e-92fb97eedd4a,2199,19,1024,990,204394,2252800,2.2528,0,CmAKJQohNzk3NzcwNjE4NjQ0Oi9hd3MvbGFtYmRhLWluc2lnaHRzEAASNRoYAgZCxV47AAAAABuMU50ABkMtN/AAAAKyIAEo3vWotPYwMN6xrbT2MDgLQLheSIk7UPomGAAQBhgB,
6a49bdd8-046c-46b6-90ec-71c7a5d30772,10662,15,1024,3770,126904,10918912,10.9189,0,CmAKJQohNzk3NzcwNjE4NjQ0Oi9hd3MvbGFtYmRhLWluc2lnaHRzEAISNRoYAgY90g6xAAAAAptqKaQABkMtMuAAAAcSIAEogreltPYwMMfNq7T2MDgLQIJfSPU9UKcoGAAQBhgB,
f1a9e0a6-2670-43f8-b789-4612340b3f7b,4661,19,1024,1610,53708,4773888,4.7739,0,CmAKJQohNzk3NzcwNjE4NjQ0Oi9hd3MvbGFtYmRhLWluc2lnaHRzEAESNRoYAgXzn9uEAAAABDiByF0ABkMtOUAAAAJCIAEo1JyrtPYwMMDRrbT2MDgGQIA0SPIzUKQeGAAQABgB,
0543343d-a3ea-45f6-a3fb-dfd1525c1f08,2171,19,1024,1080,203480,2224128,2.2241,0,CmAKJQohNzk3NzcwNjE4NjQ0Oi9hd3MvbGFtYmRhLWluc2lnaHRzEAISNRoYAgY90g6xAAAAAptqKaQABkMtMuAAAAcSIAEogreltPYwMMfNq7T2MDgLQIJfSPU9UKcoGAAQBRgB,
99c0d08b-6339-4641-b6c3-abe83e2eaa04,5960,19,1024,2060,66442,6104064,6.1041,0,CmEKJQohNzk3NzcwNjE4NjQ0Oi9hd3MvbGFtYmRhLWluc2lnaHRzEAcSNhoYAgZASn6JAAAAAJ/V6zYABkMtN1AAAACSIAEo1YGptPYwMPe6r7T2MDgTQJ+jAUjaSVDKNRgAEAQYAQ==,
6ef7ab46-bb49-4ee7-a1ab-56310419a9e9,4702,19,1024,1760,66027,4815872,4.8159,0,CmAKJQohNzk3NzcwNjE4NjQ0Oi9hd3MvbGFtYmRhLWluc2lnaHRzEAMSNRoYAgY0Q+tJAAAABDpvAIIABkMtN0AAAAKSIAEo9JWptPYwMKu0rbT2MDgKQL5WSLk9UOsnGAAQBRgB,
0890f43c-c430-49ed-bae4-3d9a9f8ec5c7,10775,19,1024,3800,138360,11034624,11.0346,0,CmAKJQohNzk3NzcwNjE4NjQ0Oi9hd3MvbGFtYmRhLWluc2lnaHRzEAUSNRoYAgYrFDQ9AAAAAuck6ZQABkMtN6AAAAHSIAEo/LKqtPYwMN7Fq7T2MDgDQOwZSIwoUP8TGAAQARgB,
4ba358ea-b10b-4a5d-9236-bd7a6ba95371,11015,19,1024,4010,139139,11280384,11.2804,0,CmAKJQohNzk3NzcwNjE4NjQ0Oi9hd3MvbGFtYmRhLWluc2lnaHRzEAUSNRoYAgYrFDQ9AAAAAuck6ZQABkMtN6AAAAHSIAEo/LKqtPYwMN7Fq7T2MDgDQOwZSIwoUP8TGAAQABgB,
1d5a6082-b83f-47bd-9fc1-dd8cf8dc8d0b,13907,19,1024,5090,139333,14241792,14.2418,0,CmAKJQohNzk3NzcwNjE4NjQ0Oi9hd3MvbGFtYmRhLWluc2lnaHRzEAMSNRoYAgY0Q+tJAAAABDpvAIIABkMtN0AAAAKSIAEo9JWptPYwMKu0rbT2MDgKQL5WSLk9UOsnGAAQBBgB,
302a3cd4-779a-4fc9-8463-bc5b450f664b,4627,19,1024,1710,66033,4739072,4.7391,0,CmAKJQohNzk3NzcwNjE4NjQ0Oi9hd3MvbGFtYmRhLWluc2lnaHRzEAMSNRoYAgY0Q+tJAAAABDpvAIIABkMtN0AAAAKSIAEo9JWptPYwMKu0rbT2MDgKQL5WSLk9UOsnGAAQAxgB,
b8f826e1-61f6-4acf-acbf-fe8933092c1b,11032,18,1024,3650,135738,11297792,11.2978,0,CmAKJQohNzk3NzcwNjE4NjQ0Oi9hd3MvbGFtYmRhLWluc2lnaHRzEAMSNRoYAgY0Q+tJAAAABDpvAIIABkMtN0AAAAKSIAEo9JWptPYwMKu0rbT2MDgKQL5WSLk9UOsnGAAQAhgB,
6555726d-b923-44eb-ad2a-198a1b831d6f,10967,19,1024,3840,136021,11231232,11.2312,0,CmAKJQohNzk3NzcwNjE4NjQ0Oi9hd3MvbGFtYmRhLWluc2lnaHRzEAASNRoYAgZCxV47AAAAABuMU50ABkMtN/AAAAKyIAEo3vWotPYwMN6xrbT2MDgLQLheSIk7UPomGAAQBRgB,
9941d063-7a92-4c1b-81fd-919234f6981f,10866,19,1024,3900,138479,11127808,11.1278,0,CmAKJQohNzk3NzcwNjE4NjQ0Oi9hd3MvbGFtYmRhLWluc2lnaHRzEAISNRoYAgY90g6xAAAAAptqKaQABkMtMuAAAAcSIAEogreltPYwMMfNq7T2MDgLQIJfSPU9UKcoGAAQBBgB,
682b85d2-802e-4b29-a1a2-31ecd08d104a,11058,19,1024,4140,139524,11324416,11.3244,0,CmAKJQohNzk3NzcwNjE4NjQ0Oi9hd3MvbGFtYmRhLWluc2lnaHRzEAYSNRoYAgYiag15AAAAAjOmid8ABkMtMiAAAAWSIAEo6Y2ptPYwMPnbqbT2MDgEQL0iSIUsUPcXGAAQAxgB,
5a642dc3-393b-48ec-bf4d-28f28d00ee2e,4677,19,1024,1680,53876,4790272,4.7903,0,CmAKJQohNzk3NzcwNjE4NjQ0Oi9hd3MvbGFtYmRhLWluc2lnaHRzEAASNRoYAgZCxV47AAAAABuMU50ABkMtN/AAAAKyIAEo3vWotPYwMN6xrbT2MDgLQLheSIk7UPomGAAQBBgB,
af84228e-da89-42ef-b9cc-af89be7c1aed,10918,19,1024,3840,140250,11181056,11.1811,0,CmAKJQohNzk3NzcwNjE4NjQ0Oi9hd3MvbGFtYmRhLWluc2lnaHRzEAYSNRoYAgYiag15AAAAAjOmid8ABkMtMiAAAAWSIAEo6Y2ptPYwMPnbqbT2MDgEQL0iSIUsUPcXGAAQAhgB,
8e1e64b9-64e4-447b-9955-97181078a397,4587,15,1024,1690,62088,4698112,4.6981,0,CmAKJQohNzk3NzcwNjE4NjQ0Oi9hd3MvbGFtYmRhLWluc2lnaHRzEAISNRoYAgY90g6xAAAAAptqKaQABkMtMuAAAAcSIAEogreltPYwMMfNq7T2MDgLQIJfSPU9UKcoGAAQAxgB,
a9e2bf6d-0fe3-4122-a746-9a69d560ff15,4764,19,1024,1810,65716,4879360,4.8794,0,CmAKJQohNzk3NzcwNjE4NjQ0Oi9hd3MvbGFtYmRhLWluc2lnaHRzEAASNRoYAgZCxV47AAAAABuMU50ABkMtN/AAAAKyIAEo3vWotPYwMN6xrbT2MDgLQLheSIk7UPomGAAQAxgB,
34af34f9-a237-433a-a528-711af351732f,2173,19,1024,1040,201476,2226176,2.2262,0,CmAKJQohNzk3NzcwNjE4NjQ0Oi9hd3MvbGFtYmRhLWluc2lnaHRzEAESNRoYAgXzn9uEAAAABDiBbhkABkMtMIAAAAJCIAEoiK+ltPYwMLWyqbT2MDgEQLAiSNYrUMkXGAAQAxgB,
65071acd-a071-4353-9f88-b6b96ef32300,6132,19,1024,2160,65461,6280192,6.2802,0,CmAKJQohNzk3NzcwNjE4NjQ0Oi9hd3MvbGFtYmRhLWluc2lnaHRzEAYSNRoYAgYiag15AAAAAjOmid8ABkMtMiAAAAWSIAEo6Y2ptPYwMPnbqbT2MDgEQL0iSIUsUPcXGAAQARgB,
85f6c110-64dc-4ec0-9c0e-263250ca69af,2348,19,1024,1150,201231,2405376,2.4054,0,CmEKJQohNzk3NzcwNjE4NjQ0Oi9hd3MvbGFtYmRhLWluc2lnaHRzEAcSNhoYAgZASn6JAAAAAJ/V6zYABkMtN1AAAACSIAEo1YGptPYwMPe6r7T2MDgTQJ+jAUjaSVDKNRgAEAMYAQ==,
3e5abaeb-a0b2-413d-a6ce-e82d416aa911,2259,19,1024,1120,194896,2314240,2.3142,0,CmAKJQohNzk3NzcwNjE4NjQ0Oi9hd3MvbGFtYmRhLWluc2lnaHRzEAESNRoYAgXzn9uEAAAABDiBbhkABkMtMIAAAAJCIAEoiK+ltPYwMLWyqbT2MDgEQLAiSNYrUMkXGAAQAhgB,
490683c9-2e2f-4b32-9532-3c0a2e7215cb,2230,19,1024,1040,194438,2284544,2.2845,0,CmEKJQohNzk3NzcwNjE4NjQ0Oi9hd3MvbGFtYmRhLWluc2lnaHRzEAcSNhoYAgZASn6JAAAAAJ/V6zYABkMtN1AAAACSIAEo1YGptPYwMPe6r7T2MDgTQJ+jAUjaSVDKNRgAEAAYAQ==,
d1b38c8c-c632-45e0-954c-36e7a7fa279a,4762,19,1024,1780,65535,4877312,4.8773,0,CmAKJQohNzk3NzcwNjE4NjQ0Oi9hd3MvbGFtYmRhLWluc2lnaHRzEAASNRoYAgZCxV47AAAAABuMU50ABkMtN/AAAAKyIAEo3vWotPYwMN6xrbT2MDgLQLheSIk7UPomGAAQAhgB,
bb5142a5-262a-4687-8b2c-9405b8fa35ad,10854,19,1024,3690,128967,11115520,11.1155,0,CmAKJQohNzk3NzcwNjE4NjQ0Oi9hd3MvbGFtYmRhLWluc2lnaHRzEAASNRoYAgZCxV47AAAAABuMU50ABkMtN/AAAAKyIAEo3vWotPYwMN6xrbT2MDgLQLheSIk7UPomGAAQARgB,
6a01039d-5e9e-4e24-8ee0-93044cccbe8f,13744,19,1024,4790,129383,14074880,14.0749,0,CmAKJQohNzk3NzcwNjE4NjQ0Oi9hd3MvbGFtYmRhLWluc2lnaHRzEAASNRoYAgZCxV47AAAAABuMU50ABkMtN/AAAAKyIAEo3vWotPYwMN6xrbT2MDgLQLheSIk7UPomGAAQABgB,
d676f0f0-df27-4ed0-85cd-0a81b6f83aba,2562,19,1024,1100,204011,2624512,2.6245,0,CmAKJQohNzk3NzcwNjE4NjQ0Oi9hd3MvbGFtYmRhLWluc2lnaHRzEAISNRoYAgY90g6xAAAAAptqKaQABkMtMuAAAAcSIAEogreltPYwMMfNq7T2MDgLQIJfSPU9UKcoGAAQAhgB,
19b326e1-59e2-43cb-ac5d-3ca219fbdccb,13687,19,1024,4660,140330,14016512,14.0165,0,CmAKJQohNzk3NzcwNjE4NjQ0Oi9hd3MvbGFtYmRhLWluc2lnaHRzEAISNRoYAgY90g6xAAAAAptqKaQABkMtMuAAAAcSIAEogreltPYwMMfNq7T2MDgLQIJfSPU9UKcoGAAQARgB,
6ea3f8ca-2c65-45ed-82c2-290298784c8f,11048,19,1024,3950,128006,11314176,11.3142,0,CmAKJQohNzk3NzcwNjE4NjQ0Oi9hd3MvbGFtYmRhLWluc2lnaHRzEAMSNRoYAgY0Q+tJAAAABDpt5SQABkMtMuAAAAKSIAEohtWltPYwMImrp7T2MDgHQJ88SLcwUKgcGAAQBhgB,
37c27b66-0de2-4391-9b9f-e91b504313ed,2168,19,1024,990,204119,2221056,2.2211,0,CmAKJQohNzk3NzcwNjE4NjQ0Oi9hd3MvbGFtYmRhLWluc2lnaHRzEAQSNRoYAgY+3PaWAAAAAFKQLAEABkMtMHAAAANiIAEoufWmtPYwMO6Zp7T2MDgDQN0ZSOUoUNgUGAAQAhgB,
86a5e14c-0488-4f86-888e-7f4cf13dec9d,10857,19,1024,3760,141304,11118592,11.1186,0,CmAKJQohNzk3NzcwNjE4NjQ0Oi9hd3MvbGFtYmRhLWluc2lnaHRzEAMSNRoYAgY0Q+tJAAAABDpt5SQABkMtMuAAAAKSIAEohtWltPYwMImrp7T2MDgHQJ88SLcwUKgcGAAQBRgB,
da01e234-ff6c-491d-bf63-f8a018e3a955,4615,15,1024,1610,53500,4726784,4.7268,0,CmAKJQohNzk3NzcwNjE4NjQ0Oi9hd3MvbGFtYmRhLWluc2lnaHRzEAQSNRoYAgY+3PaWAAAAAFKQLAEABkMtMHAAAANiIAEoufWmtPYwMO6Zp7T2MDgDQN0ZSOUoUNgUGAAQARgB,
21f70a9b-8894-4db9-9680-887d1a82e056,2239,19,1024,1060,203412,2293760,2.2938,0,CmAKJQohNzk3NzcwNjE4NjQ0Oi9hd3MvbGFtYmRhLWluc2lnaHRzEAQSNRoYAgY+3PaWAAAAAFKQLAEABkMtMHAAAANiIAEoufWmtPYwMO6Zp7T2MDgDQN0ZSOUoUNgUGAAQABgB,
5fd1ea16-5936-4ec0-a548-df82311aaf59,11356,19,1024,4350,129435,11629568,11.6296,0,CmAKJQohNzk3NzcwNjE4NjQ0Oi9hd3MvbGFtYmRhLWluc2lnaHRzEAESNRoYAgXzn9uEAAAABDiBbhkABkMtMIAAAAJCIAEoiK+ltPYwMLWyqbT2MDgEQLAiSNYrUMkXGAAQARgB,
d225b23e-6c89-4fac-ac17-b9836242ade8,4610,15,1024,1620,53591,4721664,4.7217,0,CmAKJQohNzk3NzcwNjE4NjQ0Oi9hd3MvbGFtYmRhLWluc2lnaHRzEAMSNRoYAgY0Q+tJAAAABDpt5SQABkMtMuAAAAKSIAEohtWltPYwMImrp7T2MDgHQJ88SLcwUKgcGAAQBBgB,
7628498d-c5a2-4120-a679-585b7593c107,4689,19,1024,1590,65018,4802560,4.8026,0,CmAKJQohNzk3NzcwNjE4NjQ0Oi9hd3MvbGFtYmRhLWluc2lnaHRzEAMSNRoYAgY0Q+tJAAAABDpt5SQABkMtMuAAAAKSIAEohtWltPYwMImrp7T2MDgHQJ88SLcwUKgcGAAQAxgB,
719e58e3-f742-4c18-99aa-62edcc1a438a,14081,19,1024,5170,131868,14419968,14.42,0,CmAKJQohNzk3NzcwNjE4NjQ0Oi9hd3MvbGFtYmRhLWluc2lnaHRzEAMSNRoYAgY0Q+tJAAAABDpt5SQABkMtMuAAAAKSIAEohtWltPYwMImrp7T2MDgHQJ88SLcwUKgcGAAQAhgB,
de524dcb-128c-4f9a-9fe3-b64800b5a92e,4665,15,1024,1660,66789,4777984,4.778,0,CmAKJQohNzk3NzcwNjE4NjQ0Oi9hd3MvbGFtYmRhLWluc2lnaHRzEAcSNRoYAgZASn6JAAAAAJ/UWf8ABkMtMHAAAACSIAEoqaeltPYwMLO8prT2MDgEQLUiSIksUPwXGAAQAxgB,
4ee4bb41-5702-4651-93b2-c333c21020eb,10857,19,1024,3880,130597,11118592,11.1186,0,CmAKJQohNzk3NzcwNjE4NjQ0Oi9hd3MvbGFtYmRhLWluc2lnaHRzEAMSNRoYAgY0Q+tJAAAABDpt5SQABkMtMuAAAAKSIAEohtWltPYwMImrp7T2MDgHQJ88SLcwUKgcGAAQARgB,
6c126d4e-625a-4816-9488-4f651d0679ed,11215,19,1024,4240,128898,11485184,11.4852,0,CmAKJQohNzk3NzcwNjE4NjQ0Oi9hd3MvbGFtYmRhLWluc2lnaHRzEAcSNRoYAgZASn6JAAAAAJ/UWf8ABkMtMHAAAACSIAEoqaeltPYwMLO8prT2MDgEQLUiSIksUPwXGAAQAhgB,
5d804669-d6f5-42c4-a311-cd68f7039515,11250,15,1024,4520,146179,11521024,11.521,0,CmAKJQohNzk3NzcwNjE4NjQ0Oi9hd3MvbGFtYmRhLWluc2lnaHRzEAUSNRoYAgYrFDQ9AAAAAuckU3sABkMtMrAAAAHSIAEoldultPYwMN2WprT2MDgCQJ0RSKwmUJ8SGAAQARgB,
e9fd13ab-e0fb-4613-9b41-24e36f162f7d,4927,19,1024,1870,56660,5046272,5.0463,0,CmAKJQohNzk3NzcwNjE4NjQ0Oi9hd3MvbGFtYmRhLWluc2lnaHRzEAASNRoYAgZCxV47AAAAABuLgoIABkMtNNAAAAKyIAEoi9ultPYwMPOIprT2MDgDQNoZSJEoUIQUGAAQAhgB,
8bc30b5e-3332-4910-bfbd-c4fb6900619d,2307,19,1024,1180,208991,2363392,2.3634,0,CmAKJQohNzk3NzcwNjE4NjQ0Oi9hd3MvbGFtYmRhLWluc2lnaHRzEAASNRoYAgZCxV47AAAAABuLgoIABkMtNNAAAAKyIAEoi9ultPYwMPOIprT2MDgDQNoZSJEoUIQUGAAQARgB,
0fe5066c-185c-4f81-8891-19021c120ae7,2593,19,1024,1260,208819,2656256,2.6563,0,CmAKJQohNzk3NzcwNjE4NjQ0Oi9hd3MvbGFtYmRhLWluc2lnaHRzEAUSNRoYAgYrFDQ9AAAAAuckU3sABkMtMrAAAAHSIAEoldultPYwMN2WprT2MDgCQJ0RSKwmUJ8SGAAQABgB,
6b208665-2c04-4535-b58f-c347476a0805,4634,19,1024,1600,71457,4746240,4.7462,0,CmAKJQohNzk3NzcwNjE4NjQ0Oi9hd3MvbGFtYmRhLWluc2lnaHRzEAASNRoYAgZCxV47AAAAABuLgoIABkMtNNAAAAKyIAEoi9ultPYwMPOIprT2MDgDQNoZSJEoUIQUGAAQABgB,
69fc33a1-d625-459e-9f93-124213c05d9f,4852,19,1024,1890,65420,4969472,4.9695,0,CmAKJQohNzk3NzcwNjE4NjQ0Oi9hd3MvbGFtYmRhLWluc2lnaHRzEAMSNRoYAgY0Q+tJAAAABDpt5SQABkMtMuAAAAKSIAEohtWltPYwMImrp7T2MDgHQJ88SLcwUKgcGAAQABgB,
0879eb4a-4783-43bf-83b3-c1e11b54b0d6,2288,19,1024,1120,195516,2343936,2.3439,0,CmAKJQohNzk3NzcwNjE4NjQ0Oi9hd3MvbGFtYmRhLWluc2lnaHRzEAASNRoYAgZCxV47AAAAABuKVswABkMtMHAAAAKyIAEo8caltPYwMPHGpbT2MDgBQMoISMIiULYOGAAQABgB,
c974aca3-cd16-4484-b20e-968d1f99ae10,2576,19,1024,1160,194191,2638848,2.6388,0,CmAKJQohNzk3NzcwNjE4NjQ0Oi9hd3MvbGFtYmRhLWluc2lnaHRzEAcSNRoYAgZASn6JAAAAAJ/UWf8ABkMtMHAAAACSIAEoqaeltPYwMLO8prT2MDgEQLUiSIksUPwXGAAQARgB,
e7c25ce3-7730-404d-a94f-015ef0131afc,4550,15,1024,1590,65727,4660224,4.6602,0,CmAKJQohNzk3NzcwNjE4NjQ0Oi9hd3MvbGFtYmRhLWluc2lnaHRzEAISNRoYAgY90g6xAAAAAptqKaQABkMtMuAAAAcSIAEogreltPYwMMfNq7T2MDgLQIJfSPU9UKcoGAAQABgB,
8ae680e2-1989-4f9d-8224-2a64b2d752d2,10864,19,1024,3830,129476,11125760,11.1258,0,CmAKJQohNzk3NzcwNjE4NjQ0Oi9hd3MvbGFtYmRhLWluc2lnaHRzEAESNRoYAgXzn9uEAAAABDiBbhkABkMtMIAAAAJCIAEoiK+ltPYwMLWyqbT2MDgEQLAiSNYrUMkXGAAQABgB,
48bf6dca-5fb3-4a9a-b430-833aaaef6a6e,10979,19,1024,3930,127004,11243520,11.2435,0,CmAKJQohNzk3NzcwNjE4NjQ0Oi9hd3MvbGFtYmRhLWluc2lnaHRzEAcSNRoYAgZASn6JAAAAAJ/UWf8ABkMtMHAAAACSIAEoqaeltPYwMLO8prT2MDgEQLUiSIksUPwXGAAQABgB,
601ecffc-c35e-4f4f-955c-1a58183d067f,11127,18,1024,3970,139212,11395072,11.3951,0,CmAKJQohNzk3NzcwNjE4NjQ0Oi9hd3MvbGFtYmRhLWluc2lnaHRzEAcSNRoYAgZASn6JAAAAAJ/a3eEABkMtTZAAAACSIAEo16nGtPYwMNipxrT2MDgEQPwiSPctUKoYGAAQARgB,
cbc18e95-b6d4-44b9-87af-b342151760ff,11196,19,1024,4310,139406,11465728,11.4657,0,CmAKJQohNzk3NzcwNjE4NjQ0Oi9hd3MvbGFtYmRhLWluc2lnaHRzEAcSNRoYAgZASn6JAAAAAJ/a3eEABkMtTZAAAACSIAEo16nGtPYwMNipxrT2MDgEQPwiSPctUKoYGAAQAhgB,
76fb327b-79ef-4553-8ced-9a991ab91ed0,11387,19,1024,4650,138829,11661312,11.6613,0,CmAKJQohNzk3NzcwNjE4NjQ0Oi9hd3MvbGFtYmRhLWluc2lnaHRzEAYSNRoYAgYiag15AAAAAjOoBTAABkMtUXAAAAWSIAEo16nGtPYwMNipxrT2MDgCQJkRSK0mUKASGAAQARgB,
018ec1b9-e9c0-49a3-ae01-00d14e3d8553,4751,19,1024,1900,65688,4866048,4.866,0,CmAKJQohNzk3NzcwNjE4NjQ0Oi9hd3MvbGFtYmRhLWluc2lnaHRzEAUSNRoYAgYrFDQ9AAAAAucon4gABkMtU6AAAAHSIAEo16nGtPYwMNepxrT2MDgBQMgISMIiULYOGAAQABgB,
42faf25e-ffc9-48c7-a5e1-e43fdd35058d,2388,19,1024,1340,201172,2446336,2.4463,0,CmAKJQohNzk3NzcwNjE4NjQ0Oi9hd3MvbGFtYmRhLWluc2lnaHRzEAESNRoYAgXzn9uEAAAABDiCqvMABkMtT7AAAAJCIAEo16nGtPYwMNepxrT2MDgBQMsISMciULsOGAAQABgB,
5e81afa6-7e60-4544-95d4-aa52f2bd774a,10648,19,1024,3860,138522,10904576,10.9046,0,CmAKJQohNzk3NzcwNjE4NjQ0Oi9hd3MvbGFtYmRhLWluc2lnaHRzEAcSNRoYAgZASn6JAAAAAJ/a3eEABkMtTZAAAACSIAEo16nGtPYwMNipxrT2MDgEQPwiSPctUKoYGAAQABgB,
b9c15278-3f96-424b-8a49-bec782884dd5,2573,18,1024,1420,188263,2635776,2.6358,1,CmAKJQohNzk3NzcwNjE4NjQ0Oi9hd3MvbGFtYmRhLWluc2lnaHRzEAcSNRoYAgZASn6JAAAAAJ/a3eEABkMtTZAAAACSIAEo16nGtPYwMNipxrT2MDgEQPwiSPctUKoYGAAQAxgB,738
3eaed345-0828-40e1-b591-2d7235a27b32,4771,19,1024,1700,65590,4886528,4.8865,0,CmAKJQohNzk3NzcwNjE4NjQ0Oi9hd3MvbGFtYmRhLWluc2lnaHRzEAYSNRoYAgYiag15AAAAAjOoBTAABkMtUXAAAAWSIAEo16nGtPYwMNipxrT2MDgCQJkRSK0mUKASGAAQABgB,
00364824-e1d7-4416-a68f-bb2924526009,4782,19,1024,1690,65611,4897792,4.8978,0,CmAKJQohNzk3NzcwNjE4NjQ0Oi9hd3MvbGFtYmRhLWluc2lnaHRzEAISNRoYAgY90g6xAAAAApt3VxYABkMtUkAAAAcSIAEo1qnGtPYwMNepxrT2MDgDQOAZSNkoUMwUGAAQABgB,
27768d95-9311-4829-9443-3931d98a5cb5,10646,19,1024,3390,138736,10902528,10.9025,0,CmAKJQohNzk3NzcwNjE4NjQ0Oi9hd3MvbGFtYmRhLWluc2lnaHRzEAMSNRoYAgY0Q+tJAAAABDp2/SEABkMtVfAAAAKSIAEo1qnGtPYwMNapxrT2MDgCQJgRSK8mUKISGAAQABgB,
b2e11124-c7f2-402d-9cf0-6615bd86031e,4827,19,1024,1870,53860,4943872,4.9439,0,CmAKJQohNzk3NzcwNjE4NjQ0Oi9hd3MvbGFtYmRhLWluc2lnaHRzEAMSNRoYAgY0Q+tJAAAABDp2/SEABkMtVfAAAAKSIAEo1qnGtPYwMNapxrT2MDgCQJgRSK8mUKISGAAQARgB,
7af07c60-bcfc-49cb-9d8e-b4970c38aa53,10737,19,1024,3830,139736,10995712,10.9957,0,CmAKJQohNzk3NzcwNjE4NjQ0Oi9hd3MvbGFtYmRhLWluc2lnaHRzEAISNRoYAgY90g6xAAAAApt3VxYABkMtUkAAAAcSIAEo1qnGtPYwMNepxrT2MDgDQOAZSNkoUMwUGAAQARgB,
38178b54-4b49-42d6-a7af-8cc2fd72b64d,4612,19,1024,1740,65655,4723712,4.7237,0,CmAKJQohNzk3NzcwNjE4NjQ0Oi9hd3MvbGFtYmRhLWluc2lnaHRzEAISNRoYAgY90g6xAAAAApt3VxYABkMtUkAAAAcSIAEo1qnGtPYwMNepxrT2MDgDQOAZSNkoUMwUGAAQAhgB,
d4c3b967-875e-4dc5-8548-428a89fa19ad,10768,15,1024,3710,127794,11027456,11.0275,0,CmAKJQohNzk3NzcwNjE4NjQ0Oi9hd3MvbGFtYmRhLWluc2lnaHRzEAYSNRoYAgYiag15AAAAAjOmOPsABkMtK3AAAAWSIAEovc+ftPYwMKmfobT2MDgEQLQiSJcqUIoWGAAQAxgB,
d37bd13d-ea04-46a0-9a81-843ad66b7ee0,2274,19,1024,1090,204348,2329600,2.3296,0,CmAKJQohNzk3NzcwNjE4NjQ0Oi9hd3MvbGFtYmRhLWluc2lnaHRzEAISNRoYAgY90g6xAAAAAptmkAkABkMtKiAAAAcSIAEo/qKftPYwMOqWobT2MDgGQIs0SIwyUL8cGAAQBRgB,
610beb5e-6afc-44f4-8e8b-2a0c86b8478c,2159,19,1024,1000,205122,2211840,2.2118,0,CmAKJQohNzk3NzcwNjE4NjQ0Oi9hd3MvbGFtYmRhLWluc2lnaHRzEAMSNRoYAgY0Q+tJAAAABDpsiIYABkMtLYAAAAKSIAEo2cKftPYwMOSTobT2MDgCQJwRSPEmUOQSGAAQARgB,
618d5443-ea68-43a3-8300-49274fa815b4,2647,19,1024,1160,203221,2711552,2.7116,0,CmAKJQohNzk3NzcwNjE4NjQ0Oi9hd3MvbGFtYmRhLWluc2lnaHRzEAQSNRoYAgY+3PaWAAAAAFKPfjkABkMtJ6AAAANiIAEomqCatPYwMLWSobT2MDgIQKhFSIw4UL4iGAAQBxgB,
9b9ab413-7cc5-43dd-9681-7fc4a41c89e4,4921,18,1024,1970,53667,5040128,5.0401,0,CmAKJQohNzk3NzcwNjE4NjQ0Oi9hd3MvbGFtYmRhLWluc2lnaHRzEAQSNRoYAgY+3PaWAAAAAFKPfjkABkMtJ6AAAANiIAEomqCatPYwMLWSobT2MDgIQKhFSIw4UL4iGAAQBhgB,
f0643815-0a24-4779-a0b6-55b91004b7c8,10981,15,1024,3980,139005,11245568,11.2456,0,CmAKJQohNzk3NzcwNjE4NjQ0Oi9hd3MvbGFtYmRhLWluc2lnaHRzEAESNRoYAgXzn9uEAAAABDiBHjoABkMtKNAAAAJCIAEokv6ZtPYwMI2EobT2MDgFQIkrSIgvUPoaGAAQBBgB,
39a328a0-25d4-46c4-888e-20335c5ac190,10891,19,1024,3810,139577,11153408,11.1534,0,CmAKJQohNzk3NzcwNjE4NjQ0Oi9hd3MvbGFtYmRhLWluc2lnaHRzEAQSNRoYAgY+3PaWAAAAAFKPfjkABkMtJ6AAAANiIAEomqCatPYwMLWSobT2MDgIQKhFSIw4UL4iGAAQBRgB,
f58f3ee7-921a-4daf-8fbe-4e7a8f3c7d70,13859,19,1024,4700,139516,14192640,14.1926,0,CmAKJQohNzk3NzcwNjE4NjQ0Oi9hd3MvbGFtYmRhLWluc2lnaHRzEAQSNRoYAgY+3PaWAAAAAFKPfjkABkMtJ6AAAANiIAEomqCatPYwMLWSobT2MDgIQKhFSIw4UL4iGAAQBBgB,
3183145f-095f-4146-b0c9-cc1cbd022edc,4763,18,1024,1720,53805,4878336,4.8783,0,CmAKJQohNzk3NzcwNjE4NjQ0Oi9hd3MvbGFtYmRhLWluc2lnaHRzEAUSNRoYAgYrFDQ9AAAAAucjmJcABkMtLFAAAAHSIAEoobegtPYwMILeoLT2MDgCQI8RSOQlUNgRGAAQARgB,
9f04cab9-d5c7-476f-bd03-22c2fa5d3d0a,4522,15,1024,1560,65330,4631552,4.6316,0,CmAKJQohNzk3NzcwNjE4NjQ0Oi9hd3MvbGFtYmRhLWluc2lnaHRzEAISNRoYAgY90g6xAAAAAptmkAkABkMtKiAAAAcSIAEo/qKftPYwMOqWobT2MDgGQIs0SIwyUL8cGAAQBBgB,
c272d8e9-784d-477a-bb40-9f6275367790,4823,18,1024,1870,66841,4939776,4.9398,0,CmAKJQohNzk3NzcwNjE4NjQ0Oi9hd3MvbGFtYmRhLWluc2lnaHRzEAUSNRoYAgYrFDQ9AAAAAucjmJcABkMtLFAAAAHSIAEoobegtPYwMILeoLT2MDgCQI8RSOQlUNgRGAAQABgB,
4e6d1851-0619-48ac-87b5-56b6f6db2663,10973,15,1024,4030,127084,11237376,11.2374,0,CmAKJQohNzk3NzcwNjE4NjQ0Oi9hd3MvbGFtYmRhLWluc2lnaHRzEAYSNRoYAgYiag15AAAAAjOmOPsABkMtK3AAAAWSIAEovc+ftPYwMKmfobT2MDgEQLQiSJcqUIoWGAAQAhgB,
ca80dc26-2a94-4893-add7-4b164b375b4f,10826,19,1024,3720,131851,11086848,11.0868,0,CmAKJQohNzk3NzcwNjE4NjQ0Oi9hd3MvbGFtYmRhLWluc2lnaHRzEAASNRoYAgZCxV47AAAAABuI6ngABkMtKwAAAAKyIAEo1bqftPYwMP6qoLT2MDgCQKARSKYmUJoSGAAQARgB,
a49abfba-69e9-4aa2-a8dc-1b4ad5470d5e,10779,15,1024,3790,127242,11038720,11.0387,0,CmAKJQohNzk3NzcwNjE4NjQ0Oi9hd3MvbGFtYmRhLWluc2lnaHRzEAISNRoYAgY90g6xAAAAAptmkAkABkMtKiAAAAcSIAEo/qKftPYwMOqWobT2MDgGQIs0SIwyUL8cGAAQAxgB,
758ffe36-57b4-4b47-be91-d58329d3b2bf,10962,18,1024,3810,147006,11226112,11.2261,0,CmAKJQohNzk3NzcwNjE4NjQ0Oi9hd3MvbGFtYmRhLWluc2lnaHRzEAESNRoYAgXzn9uEAAAABDiBHjoABkMtKNAAAAJCIAEokv6ZtPYwMI2EobT2MDgFQIkrSIgvUPoaGAAQAxgB,
8f7e5f6e-6677-4d7b-8bbf-c6488c559a58,5978,19,1024,2020,53619,6122496,6.1225,0,CmAKJQohNzk3NzcwNjE4NjQ0Oi9hd3MvbGFtYmRhLWluc2lnaHRzEAISNRoYAgY90g6xAAAAAptmkAkABkMtKiAAAAcSIAEo/qKftPYwMOqWobT2MDgGQIs0SIwyUL8cGAAQAhgB,
ab6832a4-1bda-41ef-bbf5-c77035c3c2e8,2579,19,1024,1170,201763,2641920,2.6419,0,CmAKJQohNzk3NzcwNjE4NjQ0Oi9hd3MvbGFtYmRhLWluc2lnaHRzEAISNRoYAgY90g6xAAAAAptmkAkABkMtKiAAAAcSIAEo/qKftPYwMOqWobT2MDgGQIs0SIwyUL8cGAAQARgB,
d359c38b-8ca2-4414-8cde-debe5903d8e8,4630,14,1024,1650,76900,4742144,4.7421,0,CmAKJQohNzk3NzcwNjE4NjQ0Oi9hd3MvbGFtYmRhLWluc2lnaHRzEAYSNRoYAgYiag15AAAAAjOmOPsABkMtK3AAAAWSIAEovc+ftPYwMKmfobT2MDgEQLQiSJcqUIoWGAAQARgB,
21483178-1ef0-4611-87db-908e73a8ca16,2337,19,1024,1090,208204,2394112,2.3941,0,CmAKJQohNzk3NzcwNjE4NjQ0Oi9hd3MvbGFtYmRhLWluc2lnaHRzEAcSNRoYAgZASn6JAAAAAJ/SbZwABkMtKNAAAACSIAEoh/6ZtPYwMNzUn7T2MDgEQLgiSKYsUJgYGAAQAxgB,
9886fb7c-4709-42d5-8b71-c1d2dea2d9a1,4682,14,1024,1710,76155,4795392,4.7954,0,CmAKJQohNzk3NzcwNjE4NjQ0Oi9hd3MvbGFtYmRhLWluc2lnaHRzEAYSNRoYAgYiag15AAAAAjOmOPsABkMtK3AAAAWSIAEovc+ftPYwMKmfobT2MDgEQLQiSJcqUIoWGAAQABgB,
